point_ID,serve_num,server_id,returner_id,court_side,fault_distance_missed_m,x_ball_serve_impact,y_ball_serve_impact,z_ball_serve_impact,point_end_type,error_type,unforcedErrorPlacement,x_serve_bounce,y_serve_bounce,z_serve_bounce,is_fault,is_ace
1_1_1_1,1,35398,9801,DeuceCourt,4.38 Metre,-11.47669335,-0.82587832,2.95726209,Faulty Serve,Long Error,NA,10.79167246,3.771461815,0.039375105,1,0
1_1_1_2,2,35398,9801,DeuceCourt,NA,-11.66617999,-0.703205542,3.047933985,DoubleFault,NA,NA,6.632737498,1.434677361,0.044034614,1,0
1_1_2_1,1,35398,9801,AdCourt,0.12 Metre,-11.3714292,1.283775762,2.990257079,Faulty Serve,Net Error,Net Error,-0.109401191,-1.079238548,0.045669367,1,0
1_1_2_2,2,35398,9801,AdCourt,NA,-11.47105677,1.49787197,3.01792384,Unforced Error,NA,Wide Error,5.182128872,-3.063978927,0.036510847,0,0
1_1_3_1,1,35398,9801,DeuceCourt,NA,-11.58418903,-0.848500381,2.996136694,Unforced Error,NA,Wide Error,5.449220308,0.873331304,0.050030757,0,0
1_1_4_1,1,35398,9801,AdCourt,NA,-11.39425227,1.336897649,2.998894486,Unforced Error,NA,Net Error,5.315732766,-3.444131867,0.03106663,0,0
1_1_5_1,1,35398,9801,DeuceCourt,NA,-11.56850927,-1.02683515,2.971454753,Forced Error,NA,NA,4.909740609,3.746411341,0.038367505,0,0
1_1_6_1,1,35398,9801,AdCourt,NA,-11.45755437,1.224286674,2.895864671,Faulty Serve,NA,NA,0.001023386,0.004963009,0.000443782,1,0
1_1_6_2,2,35398,9801,AdCourt,NA,-11.52100602,1.781575656,3.037500789,Winner,NA,NA,5.483969168,-3.413081112,0.035363581,0,0
1_1_7_1,1,35398,9801,DeuceCourt,NA,-11.59243933,-0.960869312,2.992004527,Faulty Serve,NA,NA,0.005783827,0.0077273,0.007848115,1,0
1_1_7_2,2,35398,9801,DeuceCourt,NA,-11.66156909,-0.583849048,2.971779183,Unforced Error,NA,Wide Error,4.466573915,1.070413811,0.049213078,0,0
1_1_8_1,1,35398,9801,AdCourt,NA,-11.59347657,2.240165582,2.937375628,Unforced Error,NA,NA,4.720854192,-3.335630753,0.038779166,0,0
1_1_9_1,1,35398,9801,DeuceCourt,NA,-11.72180896,-0.935680399,2.943638274,Winner,NA,NA,4.348007423,3.621677895,0.047851291,0,0
1_1_10_1,1,35398,9801,AdCourt,NA,-11.44539414,1.564646248,3.008451064,Faulty Serve,NA,NA,0.006083972,0.003433453,0.00869308,1,0
1_1_10_2,2,35398,9801,AdCourt,NA,-11.46088466,1.740719133,2.987536061,Winner,NA,NA,4.693981722,-1.957067891,0.039414093,0,0
1_1_11_1,1,35398,9801,DeuceCourt,NA,-11.43301507,-0.84011013,2.991250874,Forced Error,NA,NA,4.281854225,0.780368033,0.044029155,0,0
1_1_12_1,1,35398,9801,AdCourt,NA,-11.48693767,1.430050947,2.988672306,Ace,NA,NA,4.742252497,-3.521052253,0.040853573,0,1
1_1_13_1,1,35398,9801,DeuceCourt,NA,-11.41529559,-0.898887783,2.950300182,Ace,NA,NA,4.872350531,-0.008563958,0.043027105,0,1
1_1_14_1,1,35398,9801,AdCourt,NA,-11.50197887,1.336917066,3.005197329,Ace,NA,NA,4.855052666,-3.963570397,0.03170807,0,1
1_2_1_1,1,9801,35398,DeuceCourt,NA,-11.38071372,-0.883761586,2.852147187,Unforced Error,NA,Wide Error,5.30466328,3.543966136,0.042220574,0,0
1_2_2_1,1,9801,35398,AdCourt,NA,-11.33540314,0.877316828,2.798986454,Winner,NA,NA,5.116326617,-3.393322756,0.03162339,0,0
1_2_3_1,1,9801,35398,DeuceCourt,NA,-11.23045841,-0.773398017,2.867523031,Forced Error,NA,NA,4.644487152,3.233109752,0.046040459,0,0
1_2_4_1,1,9801,35398,AdCourt,NA,-11.29740203,0.888668291,2.801665971,Unforced Error,NA,Net Error,5.547136365,-0.856339995,0.039654562,0,0
1_3_1_1,1,35398,9801,DeuceCourt,NA,11.39267328,0.833218865,2.954678819,Winner,NA,NA,-5.169893012,-4.026640006,0.046755719,0,0
1_3_2_1,1,35398,9801,AdCourt,NA,11.57085333,-1.381417943,2.991908673,Forced Error,NA,NA,-5.104903193,0.707381453,0.046441788,0,0
1_3_3_1,1,35398,9801,DeuceCourt,0.4 Metre,11.50308173,0.998618792,2.906763292,Faulty Serve,Wide Error,NA,-4.755114954,0.404674234,0.048854475,1,0
1_3_3_2,2,35398,9801,DeuceCourt,NA,11.63189373,0.629615256,3.015876769,Winner,NA,NA,-4.018469226,-2.018651065,0.045090861,0,0
1_3_4_1,1,35398,9801,AdCourt,0.21 Metre,11.51992785,-1.197205039,2.892929534,Faulty Serve,Long Error,NA,-6.604107415,-0.218663844,0.046596458,1,0
1_3_4_2,2,35398,9801,AdCourt,NA,11.53829131,-1.574001464,2.987573086,Unforced Error,NA,Long Error,-5.086687035,2.43835481,0.040871989,0,0
1_3_5_1,1,35398,9801,DeuceCourt,NA,11.58873828,1.034405834,2.970730965,Ace,NA,NA,-4.486606009,-0.12384349,0.048070965,0,1
1_4_1_1,1,9801,35398,DeuceCourt,NA,11.28589071,0.763421034,2.853856113,Forced Error,NA,NA,-4.284095968,-3.784540128,0.043559326,0,0
1_4_2_1,1,9801,35398,AdCourt,NA,11.31713713,-0.562982055,2.862159579,Forced Error,NA,NA,-5.59289494,3.144117554,0.038790417,0,0
1_4_3_1,1,9801,35398,DeuceCourt,NA,11.20838371,0.805170228,2.890708002,Winner,NA,NA,-4.92124775,-1.055218146,0.042123875,0,0
1_4_4_1,1,9801,35398,AdCourt,0.85 Metre,11.12242151,-0.64394462,2.808712514,Faulty Serve,Long Error,NA,-7.240178913,0.84319246,0.040708189,1,0
1_4_4_2,2,9801,35398,AdCourt,NA,11.29112136,-1.015781807,2.854329246,Winner,NA,NA,-5.80029028,3.314481154,0.044131822,0,0
1_5_1_1,1,35398,9801,DeuceCourt,0.19 Metre,-11.52200377,-0.896275124,2.931184303,Faulty Serve,Wide Error,Wide Error,5.143247758,4.309469536,0.039465499,1,0
1_5_1_2,2,35398,9801,DeuceCourt,NA,-11.69804209,-0.812093401,2.978390743,Winner,NA,NA,4.5455123,1.760790214,0.044492929,0,0
1_5_2_1,1,35398,9801,AdCourt,0.08 Metre,-11.48539818,1.452720274,2.96535339,Faulty Serve,Wide Error,NA,4.74053852,0.08393273,0.049030491,1,0
1_5_2_2,2,35398,9801,AdCourt,NA,-11.61065157,1.497924879,2.986523717,Unforced Error,NA,Wide Error,4.389425888,-1.819460308,0.042429285,0,0
1_5_3_1,1,35398,9801,DeuceCourt,NA,-11.48238856,-1.072140339,2.916190511,Unforced Error,NA,Long Error,4.832974862,0.392164277,0.042012192,0,0
1_5_4_1,1,35398,9801,AdCourt,NA,-11.56592605,1.445568412,2.965858631,Unforced Error,NA,Long Error,5.764347497,-2.61947849,0.042938737,0,0
1_5_5_1,1,35398,9801,DeuceCourt,NA,-11.67013915,-0.91947254,2.948310485,Ace,NA,NA,4.845277297,0.176715251,0.044836948,0,1
1_5_6_1,1,35398,9801,AdCourt,0.41 Metre,-11.55626354,1.405003883,2.939107418,Faulty Serve,Wide Error,NA,5.388771355,0.416726181,0.04304344,1,0
1_5_6_2,2,35398,9801,AdCourt,NA,-11.52723356,1.409607165,3.00185415,Unforced Error,NA,Wide Error,5.256024742,-2.061070674,0.043631957,0,0
1_6_1_1,1,9801,35398,DeuceCourt,NA,-11.18561921,-0.814030677,2.778942318,Winner,NA,NA,5.136382646,1.036754781,0.049581749,0,0
1_6_2_1,1,9801,35398,AdCourt,NA,-11.22743787,0.612324734,2.842490088,Forced Error,NA,NA,5.56470324,-3.523771638,0.032836272,0,0
1_6_3_1,1,9801,35398,DeuceCourt,NA,-11.22612912,-0.709855256,2.818267651,Forced Error,NA,NA,4.623727794,3.530396544,0.040454203,0,0
1_6_4_1,1,9801,35398,AdCourt,NA,-11.22732528,0.640539053,2.811763485,Ace,NA,NA,5.680914248,-3.605118386,0.031206821,0,1
1_7_1_1,1,35398,9801,DeuceCourt,NA,11.70590649,0.747262058,2.955269721,Ace,NA,NA,-4.444111097,-4.090521818,0.041202981,0,1
1_7_2_1,1,35398,9801,AdCourt,NA,11.5949679,-1.337029533,2.93339964,Faulty Serve,NA,NA,0.008666956,0.000132595,0.005203982,1,0
1_7_2_2,2,35398,9801,AdCourt,NA,11.61699491,-1.584371164,3.020579582,Winner,NA,NA,-4.701969996,2.367375278,0.04587045,0,0
1_7_3_1,1,35398,9801,DeuceCourt,NA,11.5386357,0.927376201,2.856060137,Winner,NA,NA,-4.94243022,-3.528731082,0.042084595,0,0
1_7_4_1,1,35398,9801,AdCourt,0.69 Metre,11.72352212,-1.420652527,3.019502046,Faulty Serve,Long Error,NA,-7.08558312,3.714742883,0.035766851,1,0
1_7_4_2,2,35398,9801,AdCourt,NA,11.51388632,-1.633742793,2.987940186,Forced Error,NA,NA,-4.421489891,2.604127541,0.039556014,0,0
1_7_5_1,1,35398,9801,DeuceCourt,NA,11.64005151,0.993356092,2.94969606,Forced Error,NA,NA,-4.661541393,-3.401595805,0.045436235,0,0
1_8_1_1,1,9801,35398,DeuceCourt,NA,11.29577207,0.797271067,2.839949607,Forced Error,NA,NA,-6.162700506,-0.923451991,0.04353661,0,0
1_8_2_1,1,9801,35398,AdCourt,1.3 Metre,11.34324662,-0.7504342,2.871029902,Faulty Serve,Long Error,NA,-7.703907948,-0.11384732,0.048070405,1,0
1_8_2_2,2,9801,35398,AdCourt,NA,11.35325477,-0.837126741,2.793585284,Forced Error,NA,NA,-3.789599364,2.424965071,0.032758708,0,0
1_8_3_1,1,9801,35398,DeuceCourt,NA,11.21142259,0.867191247,2.860387954,Winner,NA,NA,-6.001984822,-0.924546644,0.038412608,0,0
1_8_4_1,1,9801,35398,AdCourt,0.48 Metre,11.32750705,-0.581813727,2.841367424,Faulty Serve,Long Error,NA,-6.870445624,0.891114399,0.042080882,1,0
1_8_4_2,2,9801,35398,AdCourt,NA,11.24571773,-0.872514754,2.793997136,Winner,NA,NA,-3.976989874,2.886469996,0.033317083,0,0
1_8_5_1,1,9801,35398,DeuceCourt,NA,11.26627886,0.769009595,2.841573697,Unforced Error,NA,Long Error,-4.858533224,-0.885218994,0.043120326,0,0
1_8_6_1,1,9801,35398,AdCourt,NA,11.19845818,-0.624848251,2.855516068,Forced Error,NA,NA,-4.750414212,0.357822347,0.040506837,0,0
1_9_1_1,1,35398,9801,DeuceCourt,NA,-11.70845655,-0.779524254,2.947816757,Ace,NA,NA,4.449126445,3.760155114,0.046966562,0,1
1_9_2_1,1,35398,9801,AdCourt,NA,-11.65346436,1.3309668,3.004602074,Winner,NA,NA,5.189847911,-3.079991293,0.031882959,0,0
1_9_3_1,1,35398,9801,DeuceCourt,NA,-11.57785436,-1.036497416,2.942594954,Winner,NA,NA,4.729701601,0.334827067,0.050769205,0,0
1_9_4_1,1,35398,9801,AdCourt,0.15 Metre,-11.71457413,1.62030527,2.989341631,Faulty Serve,Long Error,NA,6.561179049,-0.394328434,0.042669553,1,0
1_9_4_2,2,35398,9801,AdCourt,NA,-11.37943213,1.704376633,2.960042129,Winner,NA,NA,3.872903407,-2.167423788,0.038645002,0,0
1_10_1_1,1,9801,35398,DeuceCourt,0.2 Metre,-11.24832175,-0.743242163,2.785906918,Faulty Serve,Wide Error,Wide Error,6.227795741,4.325225081,0.043347314,1,0
1_10_1_2,2,9801,35398,DeuceCourt,NA,-11.19043599,-0.741988238,2.807869822,Unforced Error,NA,Net Error,4.121080514,3.445424001,0.044657894,0,0
1_10_2_1,1,9801,35398,AdCourt,NA,-11.25977488,0.649860106,2.845105588,Winner,NA,NA,6.048381744,-3.060725367,0.033268597,0,0
1_10_3_1,1,9801,35398,DeuceCourt,0.06 Metre,-11.22040453,-0.804455168,2.816952973,Faulty Serve,Wide Error,Wide Error,4.827156839,4.178209248,0.041517842,1,0
1_10_3_2,2,9801,35398,DeuceCourt,NA,-11.31187761,-0.632561948,2.816581927,Forced Error,NA,NA,5.278428657,1.36853475,0.048807175,0,0
1_10_4_1,1,9801,35398,AdCourt,NA,-11.18924951,0.976861169,2.737160951,Ace,NA,NA,4.357584994,-0.257573755,0.039446135,0,1
1_10_5_1,1,9801,35398,DeuceCourt,0.37 Metre,-11.21061014,-0.825717885,2.819922796,Faulty Serve,Wide Error,Wide Error,5.697325807,4.494677148,0.043449523,1,0
1_10_5_2,2,9801,35398,DeuceCourt,NA,-11.22717864,-0.715795012,2.846390463,Winner,NA,NA,3.563561089,0.415421429,0.041462268,0,0
1_10_6_1,1,9801,35398,AdCourt,NA,-11.19189677,0.56874496,2.796697992,Forced Error,NA,NA,5.58464504,-0.793953092,0.03774453,0,0
1_10_7_1,1,9801,35398,DeuceCourt,NA,-11.15210317,-0.92440175,2.847394606,Forced Error,NA,NA,5.091797486,2.789863168,0.048338346,0,0
1_10_8_1,1,9801,35398,AdCourt,NA,-11.17422752,0.629635154,2.835276392,Forced Error,NA,NA,4.826843875,-0.290006006,0.049983611,0,0
1_11_1_1,1,35398,9801,DeuceCourt,1.59 Metre,11.60462133,0.941894878,2.980018639,Faulty Serve,Long Error,NA,-7.982554614,-0.516195844,0.043531286,1,0
1_11_1_2,2,35398,9801,DeuceCourt,NA,11.75374963,0.697963426,3.017719542,Forced Error,NA,NA,-5.788287693,-2.142395267,0.04586962,0,0
1_11_2_1,1,35398,9801,AdCourt,NA,11.66858154,-1.450131031,2.965764187,Unforced Error,NA,Net Error,-5.036702581,0.75448275,0.041240344,0,0
1_11_3_1,1,35398,9801,DeuceCourt,NA,11.74817217,1.002395277,2.928589586,Forced Error,NA,NA,-4.280514408,-3.37064726,0.049617214,0,0
1_11_4_1,1,35398,9801,AdCourt,NA,11.66008694,-1.33387568,2.970577616,Forced Error,NA,NA,-5.679657889,3.190553936,0.03918571,0,0
1_11_5_1,1,35398,9801,DeuceCourt,0.34 Metre,11.7886965,0.96356828,2.977011498,Faulty Serve,Long Error,NA,-6.737479378,-1.808943093,0.041245397,1,0
1_11_5_2,2,35398,9801,DeuceCourt,NA,11.59806877,0.725634635,2.947210073,Unforced Error,NA,Net Error,-4.849993233,-1.808898393,0.044780026,0,0
1_11_6_1,1,35398,9801,AdCourt,0.34 Metre,11.55379033,-1.213185769,2.940055464,Faulty Serve,Wide Error,NA,-6.159960631,-0.340770719,0.04980011,1,0
1_11_6_2,2,35398,9801,AdCourt,NA,11.61641059,-1.725684869,3.027077074,Unforced Error,NA,Wide Error,-5.550618401,2.222282767,0.047143107,0,0
1_12_1_1,1,9801,35398,DeuceCourt,1.84 Metre,11.33711544,0.822949048,2.86396229,Faulty Serve,Long Error,Wide Error,-8.219932167,-4.35857093,0.038655379,1,0
1_12_1_2,2,9801,35398,DeuceCourt,NA,11.30600032,0.738530726,2.812211485,Forced Error,NA,NA,-5.384242361,-1.45391481,0.044967233,0,0
1_12_2_1,1,9801,35398,AdCourt,0.53 Metre,11.24772571,-0.579222324,2.844659992,Faulty Serve,Long Error,NA,-6.929941117,3.459950785,0.039622937,1,0
1_12_2_2,2,9801,35398,AdCourt,NA,11.3286239,-0.9336646,2.804921961,Unforced Error,NA,Net Error,-5.86839035,3.658842119,0.040305671,0,0
1_12_3_1,1,9801,35398,DeuceCourt,0.22 Metre,11.19234008,0.86566045,2.838584718,Faulty Serve,Long Error,NA,-6.613201756,-3.647195737,0.03887488,1,0
1_12_3_2,2,9801,35398,DeuceCourt,NA,11.36334658,0.765410171,2.85745299,Unforced Error,NA,Wide Error,-5.486134623,-3.465149484,0.04526784,0,0
1_12_4_1,1,9801,35398,AdCourt,NA,11.33981847,-0.838658447,2.822428441,Forced Error,NA,NA,-4.565530385,3.890566772,0.046725024,0,0
1_12_5_1,1,9801,35398,DeuceCourt,NA,11.28269299,0.832626087,2.851096908,Forced Error,NA,NA,-4.50639894,-3.080438202,0.044391491,0,0
1_13_1_1,1,35398,9801,DeuceCourt,NA,-11.63840649,-0.762114181,2.976141602,Forced Error,NA,NA,4.52043576,3.344690705,0.04679229,0,0
1_13_2_1,1,9801,35398,AdCourt,8.03 Metre,11.22598434,-0.522137402,2.880176347,Faulty Serve,Long Error,Long Error,-12.87899135,2.058045885,0.045150686,1,0
1_13_2_2,2,9801,35398,AdCourt,0.61 Metre,11.25895012,-0.593068448,2.88707443,DoubleFault,Long Error,NA,-7.000335242,1.302524672,0.047935943,1,0
1_13_3_1,1,9801,35398,DeuceCourt,NA,11.23142473,0.940521347,2.84275555,Forced Error,NA,NA,-4.144936349,-3.115688209,0.045747251,0,0
1_13_4_1,1,35398,9801,AdCourt,NA,-11.39729128,1.5512898,2.969369462,Unforced Error,NA,Net Error,5.061161283,-0.321935673,0.04507448,0,0
1_13_5_1,1,35398,9801,DeuceCourt,NA,-11.7397383,-0.940979106,3.00155874,Winner,NA,NA,4.692265003,3.387618083,0.04412447,0,0
1_13_6_1,1,9801,35398,AdCourt,0.12 Metre,11.20352992,-0.668229441,2.818916778,Faulty Serve,Wide Error,NA,-4.451341319,-0.111191148,0.047636772,1,0
1_13_6_2,2,9801,35398,AdCourt,NA,11.20822038,-0.911762516,2.785860088,Winner,NA,NA,-3.838614374,2.411935865,0.036524393,0,0
1_13_7_1,1,9801,35398,DeuceCourt,1.86 Metre,-11.17920537,-0.708772209,2.842894548,Faulty Serve,Net Error,Net Error,-1.863419216,0.607304192,0.047317503,1,0
1_13_7_2,2,9801,35398,DeuceCourt,NA,-11.29594981,-0.701914697,2.806575676,Winner,NA,NA,5.836538841,2.782101762,0.044256319,0,0
1_13_8_1,1,35398,9801,AdCourt,NA,11.58877129,-1.259835597,2.995742489,Forced Error,NA,NA,-4.244860422,0.388804654,0.051259987,0,0
1_13_9_1,1,35398,9801,DeuceCourt,NA,11.57552904,1.100129299,2.940062965,Winner,NA,NA,-4.295692322,-3.215304179,0.046547616,0,0
1_13_10_1,1,9801,35398,AdCourt,NA,-11.28352494,0.9889397,2.787562254,Forced Error,NA,NA,5.215953723,-0.151885221,0.049669718,0,0
1_13_11_1,1,9801,35398,DeuceCourt,NA,-11.20709718,-0.835075208,2.83553375,Forced Error,NA,NA,5.746527717,2.998295516,0.047991505,0,0
1_13_12_1,1,35398,9801,AdCourt,0.1 Metre,11.49628736,-1.395721015,2.979634143,Faulty Serve,Wide Error,NA,-4.332066405,-0.095364194,0.049901536,1,0
1_13_12_2,2,35398,9801,AdCourt,NA,11.56911837,-1.731540119,3.044005111,Winner,NA,NA,-4.427542684,2.262367143,0.039692745,0,0
1_13_13_1,1,35398,9801,DeuceCourt,0.71 Metre,-11.5327682,-1.000100446,3.020355745,Faulty Serve,Wide Error,NA,5.572210554,-0.702434389,0.049063213,1,0
1_13_13_2,2,35398,9801,DeuceCourt,NA,-11.70147074,-0.685093393,3.03097607,Forced Error,NA,NA,4.361554889,1.670352984,0.041072927,0,0
1_13_14_1,1,9801,35398,AdCourt,NA,11.3588946,-0.584549138,2.849467325,Forced Error,NA,NA,-6.252614963,3.459390385,0.046274599,0,0
2_1_1_1,1,9801,35398,DeuceCourt,1.71 Metre,-11.15532746,-0.869328514,2.797791703,Faulty Serve,Net Error,Net Error,-1.703575507,3.249072538,0.03415986,1,0
2_1_1_2,2,9801,35398,DeuceCourt,2.46 Metre,-11.26278066,-0.580615589,2.772542032,DoubleFault,Long Error,NA,8.86146946,-1.641871944,0.032756901,1,0
2_1_2_1,1,9801,35398,AdCourt,NA,-11.20757922,0.967583499,2.724001725,Unforced Error,NA,Long Error,4.21267845,-2.915807917,0.036295809,0,0
2_1_3_1,1,9801,35398,DeuceCourt,0.23 Metre,-11.16902987,-0.885864079,2.821633115,Faulty Serve,Net Error,Net Error,-0.194415224,-0.110867494,0.047230944,1,0
2_1_3_2,2,9801,35398,DeuceCourt,NA,-11.25520073,-0.481413037,2.778177139,Winner,NA,NA,5.161092911,1.005193151,0.047746567,0,0
2_1_4_1,1,9801,35398,AdCourt,NA,-11.26222176,0.546729715,2.843102924,Forced Error,NA,NA,4.851038988,-0.824248527,0.043945968,0,0
2_1_5_1,1,9801,35398,DeuceCourt,NA,-11.15997217,-0.791629756,2.815791588,Unforced Error,NA,NA,5.08849443,0.684356646,0.043511394,0,0
2_2_1_1,1,35398,9801,DeuceCourt,NA,-11.72375389,-0.824774246,2.978785926,Unforced Error,NA,Wide Error,4.699594598,3.271105452,0.048120952,0,0
2_2_2_1,1,35398,9801,AdCourt,NA,-11.68952316,1.312173641,3.005480744,Forced Error,NA,NA,4.666599593,-2.101080582,0.036981379,0,0
2_2_3_1,1,35398,9801,DeuceCourt,NA,-11.60397799,-0.875301142,2.982975856,Winner,NA,NA,5.728435337,1.023878542,0.049786983,0,0
2_2_4_1,1,35398,9801,AdCourt,NA,-11.58871953,1.587522258,2.986186575,Winner,NA,NA,5.982590986,-0.397240941,0.0392696,0,0
2_2_5_1,1,35398,9801,DeuceCourt,NA,-11.62292077,-0.649269362,2.94518419,Winner,NA,NA,4.388410164,3.815423164,0.047145831,0,0
2_2_6_1,1,35398,9801,AdCourt,0.2 Metre,-11.58038897,1.265086337,2.94783239,Faulty Serve,Net Error,Net Error,-0.190344664,-0.47928148,0.04968743,1,0
2_2_6_2,2,35398,9801,AdCourt,NA,-11.68585852,1.968975784,2.999147607,Forced Error,NA,NA,4.863032557,-2.112455884,0.036816653,0,0
2_2_7_1,1,35398,9801,DeuceCourt,NA,-11.555478,-0.905657229,3.001417271,Forced Error,NA,NA,5.403102011,1.053757564,0.045640515,0,0
2_2_8_1,1,35398,9801,AdCourt,NA,-11.53449972,1.396256758,3.022791216,Winner,NA,NA,6.048259756,-3.781271402,0.038266996,0,0
2_3_1_1,1,9801,35398,DeuceCourt,NA,11.1809815,0.692724665,2.823452979,Winner,NA,NA,-4.616233418,-0.746116055,0.047561492,0,0
2_3_2_1,1,9801,35398,AdCourt,0.09 Metre,11.30981464,-0.602577631,2.882724709,Faulty Serve,Wide Error,NA,-5.962579913,-0.080661366,0.047626733,1,0
2_3_2_2,2,9801,35398,AdCourt,NA,11.37104548,-0.957495944,2.810966133,Winner,NA,NA,-4.709276493,3.144533858,0.044228381,0,0
2_3_3_1,1,9801,35398,DeuceCourt,NA,11.21465016,0.604281174,2.809731878,Unforced Error,NA,Long Error,-5.532149807,-0.483291276,0.047273273,0,0
2_3_4_1,1,9801,35398,AdCourt,NA,11.30554323,-0.670908692,2.871621064,Forced Error,NA,NA,-4.792601104,0.897494609,0.046468526,0,0
2_3_5_1,1,9801,35398,DeuceCourt,NA,11.15025355,0.658536846,2.798704631,Forced Error,NA,NA,-6.032558099,-0.477052932,0.044706069,0,0
2_4_1_1,1,35398,9801,DeuceCourt,NA,11.69037856,1.011017708,2.978822153,Unforced Error,NA,Wide Error,-5.038135067,-1.374964645,0.039739741,0,0
2_4_2_1,1,35398,9801,AdCourt,0.32 Metre,11.68941738,-1.348941734,2.928583063,Faulty Serve,Wide Error,NA,-6.281128822,-0.313150176,0.046927303,1,0
2_4_2_2,2,35398,9801,AdCourt,NA,11.53170705,-1.571142801,3.014855739,Winner,NA,NA,-5.32079267,2.354571985,0.042000661,0,0
2_4_3_1,1,35398,9801,DeuceCourt,NA,11.59561415,0.802091218,2.960722032,Forced Error,NA,NA,-4.159917877,-3.382071686,0.049185722,0,0
2_4_4_1,1,35398,9801,AdCourt,1.24 Metre,11.36893965,-1.379282168,2.922259839,Faulty Serve,Long Error,NA,-7.636086843,4.015531963,0.043534078,1,0
2_4_4_2,2,35398,9801,AdCourt,NA,11.47922657,-1.472346303,3.029761267,Unforced Error,NA,Long Error,-4.575639543,1.652608507,0.046618107,0,0
2_4_5_1,1,35398,9801,DeuceCourt,NA,11.52724228,0.690940275,2.998823032,Forced Error,NA,NA,-5.209864332,-1.405671943,0.041832134,0,0
2_5_1_1,1,9801,35398,DeuceCourt,0.08 Metre,-11.20052306,-0.701249661,2.820607762,Faulty Serve,Long Error,NA,6.483896836,0.713442916,0.038120826,1,0
2_5_1_2,2,9801,35398,DeuceCourt,NA,-11.3303798,-0.621875067,2.831165756,Forced Error,NA,NA,5.789884918,3.87778173,0.039110444,0,0
2_5_2_1,1,9801,35398,AdCourt,NA,-11.19452032,0.493532651,2.818846347,Ace,NA,NA,5.288282704,-0.014409649,0.043338414,0,1
2_5_3_1,1,9801,35398,DeuceCourt,0.13 Metre,-11.21696304,-0.818674807,2.835318717,Faulty Serve,Long Error,NA,6.538341662,0.534454508,0.041117675,1,0
2_5_3_2,2,9801,35398,DeuceCourt,NA,-11.38113551,-0.43358977,2.764287489,Forced Error,NA,NA,4.412514247,0.604139676,0.044980848,0,0
2_5_4_1,1,9801,35398,AdCourt,NA,-11.16208369,0.642653457,2.793552471,Forced Error,NA,NA,6.150996746,-0.511861031,0.041620676,0,0
2_6_1_1,1,35398,9801,DeuceCourt,0.43 Metre,-11.44003659,-0.857424298,2.952553753,Faulty Serve,Wide Error,NA,5.888075344,-0.420742878,0.048657102,1,0
2_6_1_2,2,35398,9801,DeuceCourt,NA,-11.54475997,-0.68697599,3.000789324,Unforced Error,NA,NA,4.73320985,1.928065353,0.048407164,0,0
2_6_2_1,1,35398,9801,AdCourt,1.18 Metre,-11.43287685,1.2531664,2.910532837,Faulty Serve,Net Error,Net Error,-0.264595742,1.149290449,0.048792284,1,0
2_6_2_2,2,35398,9801,AdCourt,NA,-11.48540136,1.726783422,2.94862684,Unforced Error,NA,Long Error,5.503890235,-3.0567447,0.033669554,0,0
2_6_3_1,1,35398,9801,DeuceCourt,NA,-11.55789205,-0.87079577,2.987141612,Forced Error,NA,NA,4.278024017,0.456414545,0.044262034,0,0
2_6_4_1,1,35398,9801,AdCourt,NA,-11.57871018,1.29439357,3.005714277,Ace,NA,NA,5.648557971,-3.924998573,0.034247296,0,1
2_7_1_1,1,9801,35398,DeuceCourt,NA,11.15608273,0.703750924,2.823805208,Winner,NA,NA,-4.986175506,-3.185432906,0.044928858,0,0
2_7_2_1,1,9801,35398,AdCourt,0.1 Metre,11.21423102,-0.497129035,2.808321688,Faulty Serve,Long Error,NA,-6.499174929,3.777857191,0.046321091,1,0
2_7_2_2,2,9801,35398,AdCourt,NA,11.35134805,-0.995895645,2.821748304,Winner,NA,NA,-4.643936737,0.531863634,0.047822331,0,0
2_7_3_1,1,9801,35398,DeuceCourt,NA,11.18463971,0.724468379,2.809456923,Winner,NA,NA,-4.383277688,-3.265685674,0.049419992,0,0
2_7_4_1,1,9801,35398,AdCourt,NA,11.2224324,-0.59514937,2.810380511,Forced Error,NA,NA,-4.681601449,0.110440036,0.042862997,0,0
2_7_5_1,1,9801,35398,DeuceCourt,NA,11.1174409,0.800743483,2.785942562,Forced Error,NA,NA,-5.318154436,-3.432010365,0.043729735,0,0
2_7_6_1,1,9801,35398,AdCourt,0.51 Metre,11.28954373,-0.606431098,2.81368066,Faulty Serve,Long Error,NA,-6.905199073,3.920575378,0.033436881,1,0
2_7_6_2,2,9801,35398,AdCourt,NA,11.22703686,-0.97385824,2.722006469,Unforced Error,NA,Wide Error,-5.545357469,3.317042719,0.043787509,0,0
2_7_7_1,1,9801,35398,DeuceCourt,NA,11.27179447,0.646502714,2.813398829,Winner,NA,NA,-5.27067413,-3.605900185,0.046754966,0,0
2_7_8_1,1,9801,35398,AdCourt,0.91 Metre,11.22611163,-0.625365343,2.78246887,Faulty Serve,Long Error,NA,-7.301376856,0.036705717,0.048113903,1,0
2_7_8_2,2,9801,35398,AdCourt,NA,11.37267774,-0.879105905,2.816633749,Unforced Error,NA,Net Error,-5.737002241,3.683561377,0.040342609,0,0
2_8_1_1,1,35398,9801,DeuceCourt,0.12 Metre,11.46464238,0.961796132,2.996171954,Faulty Serve,Long Error,NA,-6.51536189,0.251463055,0.038258541,1,0
2_8_1_2,2,35398,9801,DeuceCourt,NA,11.63029713,0.62858674,2.995383542,Forced Error,NA,NA,-5.77514457,-2.209148086,0.040831821,0,0
2_8_2_1,1,35398,9801,AdCourt,NA,11.56156722,-1.622888111,2.968805496,Forced Error,NA,NA,-4.591900733,0.600166005,0.041722954,0,0
2_8_3_1,1,35398,9801,DeuceCourt,NA,11.60939548,0.931768944,2.960731553,Faulty Serve,NA,NA,0.008021374,0.008273997,0.000300156,1,0
2_8_3_2,2,35398,9801,DeuceCourt,NA,11.70710003,0.551652612,2.99184889,Unforced Error,NA,Wide Error,-5.433648765,-1.519013826,0.04385296,0,0
2_8_4_1,1,35398,9801,AdCourt,NA,11.48901403,-1.420171545,2.960360365,Forced Error,NA,NA,-5.940585032,3.284315422,0.037262033,0,0
2_8_5_1,1,35398,9801,DeuceCourt,NA,11.41168334,0.822384841,2.956777037,Winner,NA,NA,-4.388959457,-0.840551377,0.047064618,0,0
3_1_1_1,1,9801,35398,DeuceCourt,NA,-11.22948402,-0.820732566,2.803010613,Forced Error,NA,NA,5.083887718,3.8643417,0.046783924,0,0
3_1_2_1,1,9801,35398,AdCourt,NA,-11.2833096,0.551438348,2.830825165,Forced Error,NA,NA,6.291430511,-3.82396636,0.040617114,0,0
3_1_3_1,1,9801,35398,DeuceCourt,0.78 Metre,-11.17706818,-0.73805371,2.829865593,Faulty Serve,Net Error,Net Error,-0.774035834,0.740440746,0.045217485,1,0
3_1_3_2,2,9801,35398,DeuceCourt,NA,-11.33513841,-0.486868853,2.831615065,Unforced Error,NA,Wide Error,4.077250303,3.142116412,0.0449244,0,0
3_1_4_1,1,9801,35398,AdCourt,NA,-11.28015322,0.983610151,2.760472981,Unforced Error,NA,Long Error,5.653674674,-0.266241483,0.041659825,0,0
3_1_5_1,1,9801,35398,DeuceCourt,NA,-11.18679011,-0.783865246,2.81276796,Forced Error,NA,NA,5.148692614,0.170946739,0.042041223,0,0
3_2_1_1,1,35398,9801,DeuceCourt,NA,-11.54557871,-0.848625723,2.969308628,Winner,NA,NA,5.472589246,0.945876374,0.042602343,0,0
3_2_2_1,1,35398,9801,AdCourt,NA,-11.59904142,1.367673292,3.043807773,Ace,NA,NA,5.223011958,-4.07299515,0.033718734,0,1
3_2_3_1,1,35398,9801,DeuceCourt,NA,-11.59115317,-0.855277324,2.973055108,Faulty Serve,NA,NA,0.003119599,0.007869688,0.002713574,1,0
3_2_3_2,2,35398,9801,DeuceCourt,NA,-11.75628833,-0.602331348,2.978194916,Unforced Error,NA,Long Error,3.913584589,2.109344989,0.037545053,0,0
3_2_4_1,1,35398,9801,AdCourt,NA,-11.42614119,1.489415966,2.994745929,Ace,NA,NA,4.093399853,0.058235551,0.041271062,0,1
3_2_5_1,1,35398,9801,DeuceCourt,NA,-11.5265044,-0.809858259,2.967111079,Winner,NA,NA,4.453517332,3.094403676,0.048451737,0,0
3_2_6_1,1,35398,9801,AdCourt,NA,-11.47084517,1.793146017,2.966603447,Winner,NA,NA,4.684854515,-3.794357166,0.040253571,0,0
3_3_1_1,1,9801,35398,DeuceCourt,NA,11.15256838,0.651971207,2.835048938,Winner,NA,NA,-6.126069286,-0.315014638,0.040938816,0,0
3_3_2_1,1,9801,35398,AdCourt,NA,11.21185517,-1.025064288,2.756984466,Forced Error,NA,NA,-4.615845901,2.768045211,0.045205018,0,0
3_3_3_1,1,9801,35398,DeuceCourt,NA,11.23318632,0.736230829,2.846074269,Winner,NA,NA,-4.846000897,-0.647906733,0.047279538,0,0
3_3_4_1,1,9801,35398,AdCourt,0.4 Metre,11.12267271,-0.929837096,2.825054368,Faulty Serve,Long Error,NA,-6.797552842,3.933207711,0.036293059,1,0
3_3_4_2,2,9801,35398,AdCourt,NA,11.23133326,-1.029151492,2.767398135,Winner,NA,NA,-5.626769565,4.110284328,0.044186925,0,0
3_3_5_1,1,9801,35398,DeuceCourt,0.67 Metre,11.16087862,0.701627536,2.816576447,Faulty Serve,Wide Error,Wide Error,-5.636358939,-4.780641424,0.041601701,1,0
3_3_5_2,2,9801,35398,DeuceCourt,NA,11.26374887,0.525618952,2.805085969,Unforced Error,NA,Long Error,-3.95070283,-0.894951392,0.050396328,0,0
3_3_6_1,1,9801,35398,AdCourt,NA,11.11352792,-1.104653182,2.720371119,Forced Error,NA,NA,-4.44805868,3.402805135,0.039111756,0,0
3_4_1_1,1,35398,9801,DeuceCourt,NA,11.58636277,0.837926619,2.957256814,Faulty Serve,NA,NA,0.003680445,0.000287766,0.006410576,1,0
3_4_1_2,2,35398,9801,DeuceCourt,NA,11.68547238,0.531636596,3.003181356,Winner,NA,NA,-6.117113887,-1.877238313,0.044340235,0,0
3_4_2_1,1,35398,9801,AdCourt,0.09 Metre,11.42970309,-1.588806318,2.956365643,Faulty Serve,Wide Error,NA,-4.610093256,-0.087434226,0.041479188,1,0
3_4_2_2,2,35398,9801,AdCourt,NA,11.60401935,-1.702134791,3.019093174,Forced Error,NA,NA,-5.094015787,2.328098827,0.040830937,0,0
3_4_3_1,1,35398,9801,DeuceCourt,1.28 Metre,11.57971903,0.776765139,2.995791507,Faulty Serve,Long Error,NA,-7.669811864,-0.443905828,0.046045313,1,0
3_4_3_2,2,35398,9801,DeuceCourt,NA,11.65199296,0.67691541,3.003790941,Winner,NA,NA,-3.427840363,-2.863565989,0.041709699,0,0
3_4_4_1,1,35398,9801,AdCourt,0.35 Metre,11.53988196,-1.421362848,3.002683814,Faulty Serve,Wide Error,Wide Error,-4.47355613,4.467048223,0.038505299,1,0
3_4_4_2,2,35398,9801,AdCourt,NA,11.5166259,-1.553912863,2.999949429,Unforced Error,NA,Long Error,-5.187977043,0.454482158,0.041879157,0,0
3_4_5_1,1,35398,9801,DeuceCourt,NA,11.49370647,0.909090567,2.961182842,Winner,NA,NA,-4.719394355,-1.011362177,0.050133041,0,0
3_4_6_1,1,35398,9801,AdCourt,NA,11.41362044,-1.533306017,2.939318571,Unforced Error,NA,Net Error,-4.514109057,0.327014091,0.045504423,0,0
3_4_7_1,1,35398,9801,DeuceCourt,NA,11.49683574,1.205972712,2.955524595,Faulty Serve,NA,NA,0.007176656,0.002946931,0.009452366,1,0
3_4_7_2,2,35398,9801,DeuceCourt,NA,11.63374055,0.714622389,3.022862194,Unforced Error,NA,Wide Error,-5.793107921,-2.09074763,0.037752958,0,0
3_4_8_1,1,35398,9801,AdCourt,NA,11.52544458,-1.535105012,3.039916509,Winner,NA,NA,-4.791626794,2.316500691,0.041717877,0,0
3_4_9_1,1,35398,9801,DeuceCourt,NA,11.56535795,0.929088335,2.963407137,Forced Error,NA,NA,-5.062284697,-3.296379814,0.047134447,0,0
3_4_10_1,1,35398,9801,AdCourt,NA,11.59252669,-1.494178575,3.004746804,Winner,NA,NA,-3.825950722,0.649334424,0.044327322,0,0
3_4_11_1,1,35398,9801,DeuceCourt,NA,11.55978006,0.644404244,2.975221956,Faulty Serve,NA,NA,0.000359575,0.005726601,0.00902145,1,0
3_4_11_2,2,35398,9801,DeuceCourt,NA,11.65250193,0.555527691,2.980168276,Unforced Error,NA,Wide Error,-5.151077261,-1.981197642,0.038754036,0,0
3_4_12_1,1,35398,9801,AdCourt,NA,11.38538085,-1.298943742,2.965357255,Winner,NA,NA,-6.018564681,3.744999998,0.046040895,0,0
3_4_13_1,1,35398,9801,DeuceCourt,NA,11.42016251,0.900740211,2.946151755,Forced Error,NA,NA,-5.113036165,-3.868907297,0.041384239,0,0
3_4_14_1,1,35398,9801,AdCourt,NA,11.41380633,-1.590917643,2.965040044,Unforced Error,NA,Wide Error,-4.170920171,0.338549989,0.042920047,0,0
3_4_15_1,1,35398,9801,DeuceCourt,NA,11.4135054,0.771147243,2.935353411,Forced Error,NA,NA,-6.213545943,-1.040468391,0.045114448,0,0
3_4_16_1,1,35398,9801,AdCourt,NA,11.3659977,-1.273463832,2.959331137,Unforced Error,NA,Net Error,-6.325648081,3.441533764,0.046896071,0,0
3_4_17_1,1,35398,9801,DeuceCourt,0.1 Metre,11.39186634,0.860353831,2.876613876,Faulty Serve,Wide Error,Wide Error,-6.392990331,-4.213507691,0.039004384,1,0
3_4_17_2,2,35398,9801,DeuceCourt,NA,11.48897052,0.687294888,3.005558625,Unforced Error,NA,Long Error,-3.98230696,-1.185665467,0.050605874,0,0
3_4_18_1,1,35398,9801,AdCourt,0.16 Metre,11.49775377,-1.598445724,2.976907206,Faulty Serve,Wide Error,NA,-4.631452266,-0.148861948,0.049273642,1,0
3_4_18_2,2,35398,9801,AdCourt,NA,11.55959862,-1.737588704,2.994383606,Forced Error,NA,NA,-4.874703285,2.423936823,0.046720311,0,0
3_5_1_1,1,9801,35398,DeuceCourt,NA,-11.25451927,-0.687400896,2.837282496,Winner,NA,NA,5.771924473,3.417825335,0.048629042,0,0
3_5_2_1,1,9801,35398,AdCourt,0.18 Metre,-11.22098534,0.468288947,2.780639211,Faulty Serve,Net Error,Net Error,-0.176625104,-0.472393393,0.041227161,1,0
3_5_2_2,2,9801,35398,AdCourt,NA,-11.3466361,0.835009594,2.771609413,Winner,NA,NA,5.45662288,-3.153400099,0.034137581,0,0
3_5_3_1,1,9801,35398,DeuceCourt,NA,-11.17623521,-0.860674724,2.8216224,Winner,NA,NA,4.729038057,3.361193835,0.045660806,0,0
3_5_4_2,2,9801,35398,AdCourt,NA,-11.27143912,0.826216231,2.853342551,Forced Error,NA,NA,6.10233453,-0.64234142,0.042583601,0,0
3_5_5_1,1,9801,35398,DeuceCourt,NA,-11.25741973,-0.351215599,2.753382042,Forced Error,NA,NA,4.24834187,1.009698581,0.038716168,0,0
3_6_1_1,1,35398,9801,DeuceCourt,NA,-11.49702687,-0.919395738,2.864541726,Winner,NA,NA,5.050179451,4.136618178,0.039395632,0,0
3_6_2_1,1,35398,9801,AdCourt,0.67 Metre,-11.41581849,1.304152523,2.966627844,Faulty Serve,Net Error,Net Error,-0.664701888,-1.097580843,0.049479539,1,0
3_6_2_2,2,35398,9801,AdCourt,NA,-11.4678371,1.585000062,2.972914243,DoubleFault,NA,Net Error,-0.119575746,-2.019189368,0.049130267,1,0
3_6_3_1,1,35398,9801,DeuceCourt,0.06 Metre,-11.43399041,-0.917826775,2.951035354,Faulty Serve,Wide Error,NA,4.361096874,-0.05791706,0.044500298,1,0
3_6_3_2,2,35398,9801,DeuceCourt,NA,-11.5039644,-0.573413717,2.939817473,DoubleFault,NA,Net Error,-0.5841972,0.363691606,0.047476195,1,0
3_6_4_1,1,35398,9801,AdCourt,NA,-11.45568311,1.463511069,2.968852538,Forced Error,NA,NA,4.771940079,-2.691503381,0.036724854,0,0
3_6_5_1,1,35398,9801,DeuceCourt,NA,-11.55469587,-0.8112748,2.934374757,Forced Error,NA,NA,5.336458951,3.716424675,0.046269756,0,0
3_6_6_1,1,35398,9801,AdCourt,NA,-11.55264067,1.906570673,2.899254876,Forced Error,NA,NA,4.333137212,-3.471485035,0.033682945,0,0
3_7_1_1,1,9801,35398,DeuceCourt,NA,11.24684474,0.663901328,2.841540659,Forced Error,NA,NA,-4.396983907,-3.066986875,0.04617582,0,0
3_7_2_1,1,9801,35398,AdCourt,0.86 Metre,11.22090027,-0.722038769,2.810593291,Faulty Serve,Long Error,NA,-7.252831532,3.281777938,0.039890461,1,0
3_7_2_2,2,9801,35398,AdCourt,NA,11.21677105,-0.943544496,2.801693926,Unforced Error,NA,Long Error,-5.479243891,3.43216131,0.045846993,0,0
3_7_3_1,1,9801,35398,DeuceCourt,NA,11.22047838,0.743116223,2.847303775,Forced Error,NA,NA,-6.1763497,-3.45100645,0.044421909,0,0
3_7_4_1,1,9801,35398,AdCourt,NA,11.16723441,-0.731728074,2.797231723,Forced Error,NA,NA,-5.732535497,3.486585221,0.03785438,0,0
3_7_5_1,1,9801,35398,DeuceCourt,0.45 Metre,11.17111762,0.65448209,2.851962742,Faulty Serve,Wide Error,NA,-4.880284808,0.455106487,0.042018783,1,0
3_7_5_2,2,9801,35398,DeuceCourt,NA,11.3190856,0.588389175,2.852402427,Winner,NA,NA,-3.995985495,-0.839551669,0.050404619,0,0
3_7_6_1,1,9801,35398,AdCourt,NA,11.34046783,-0.684041231,2.878323879,Winner,NA,NA,-5.836848861,1.050888735,0.047397615,0,0
3_8_1_1,1,35398,9801,DeuceCourt,NA,11.42292238,0.901633841,2.920208705,Forced Error,NA,NA,-4.167415256,-3.434396119,0.051649251,0,0
3_8_2_1,1,35398,9801,AdCourt,NA,11.43617829,-1.517335895,2.964788058,Winner,NA,NA,-4.766143034,0.167452758,0.046674788,0,0
3_8_3_1,1,35398,9801,DeuceCourt,4.31 Metre,11.60255908,0.904275205,2.950218639,Faulty Serve,Net Error,Net Error,3.819301305,2.013275599,0.039575778,1,0
3_8_3_2,2,35398,9801,DeuceCourt,NA,11.60768405,0.740567841,2.997105121,Winner,NA,NA,-5.784934619,-1.497039402,0.04620329,0,0
3_8_4_1,1,35398,9801,AdCourt,NA,11.55937994,-1.362073775,2.98605838,Winner,NA,NA,-5.112347478,3.51519359,0.043447148,0,0
3_8_5_1,1,35398,9801,DeuceCourt,1.13 Metre,11.53914461,0.873314598,2.947320491,Faulty Serve,Long Error,Wide Error,-7.456866866,-4.500494684,0.038967014,1,0
3_8_5_2,2,35398,9801,DeuceCourt,NA,11.6055469,0.606880718,2.999121732,Winner,NA,NA,-4.215954119,-0.274866806,0.049594152,0,0
3_8_6_1,1,35398,9801,AdCourt,NA,11.42421441,-1.342184401,2.925752388,Winner,NA,NA,-6.338157779,0.379271218,0.045060684,0,0
3_9_1_1,1,9801,35398,DeuceCourt,0.28 Metre,-11.21253469,-0.730923991,2.803097251,Faulty Serve,Long Error,NA,6.685851236,0.899031243,0.047999884,1,0
3_9_1_2,2,9801,35398,DeuceCourt,NA,-11.31727536,-0.562431874,2.820419297,Winner,NA,NA,4.822464433,0.932067812,0.041126578,0,0
3_9_2_1,1,9801,35398,AdCourt,0.19 Metre,-11.17369641,0.95092757,2.76078419,Faulty Serve,Wide Error,Wide Error,5.5309318,-4.305239799,0.029510293,1,0
3_9_2_2,2,9801,35398,AdCourt,NA,-11.31835744,0.962502008,2.843564054,Winner,NA,NA,4.967070986,-0.727697585,0.043396033,0,0
3_9_3_1,1,9801,35398,DeuceCourt,NA,-11.18151106,-0.751733983,2.835110506,Winner,NA,NA,5.298955203,0.713812876,0.048435987,0,0
3_9_4_1,1,9801,35398,AdCourt,1.49 Metre,-11.24059355,0.661498516,2.855044676,Faulty Serve,Net Error,Net Error,-0.091934788,1.496183679,0.045570117,1,0
3_9_4_2,2,9801,35398,AdCourt,0.41 Metre,-11.21838654,0.892117306,2.784139423,DoubleFault,Long Error,Wide Error,6.677740403,-4.419223008,0.031521187,1,0
3_9_5_1,1,9801,35398,DeuceCourt,0.81 Metre,-11.25312882,-0.799875522,2.869630405,Faulty Serve,Net Error,Net Error,-0.804820635,0.590881746,0.04263272,1,0
3_9_5_2,2,9801,35398,DeuceCourt,NA,-11.28673719,-0.557530776,2.762659105,Forced Error,NA,NA,3.981354605,1.42531001,0.044367024,0,0
3_9_6_1,1,9801,35398,AdCourt,NA,-11.21338959,1.011246458,2.75244679,Forced Error,NA,NA,5.352158094,-3.845890795,0.035605876,0,0
4_1_1_1,1,35398,9801,DeuceCourt,0.17 Metre,-11.6302227,-1.006690814,3.012342583,Faulty Serve,Net Error,Net Error,-0.165914681,0.402046446,0.048635007,1,0
4_1_1_2,2,35398,9801,DeuceCourt,NA,-11.3933781,-0.571301687,2.954686951,Unforced Error,NA,Long Error,4.519619272,1.165545016,0.048556981,0,0
4_1_2_1,1,35398,9801,AdCourt,0.48 Metre,-11.49594429,1.597938225,3.011887996,Faulty Serve,Net Error,Net Error,-0.468754306,-1.042458559,0.047302609,1,0
4_1_2_2,2,35398,9801,AdCourt,NA,-11.61716488,1.505901377,3.037964042,Forced Error,NA,NA,4.409634127,-1.873946108,0.044165641,0,0
4_1_3_1,1,35398,9801,DeuceCourt,NA,-11.2788122,-0.871852883,2.874437708,Forced Error,NA,NA,4.430411135,2.850726626,0.040553956,0,0
4_1_4_1,1,35398,9801,AdCourt,NA,-11.58977374,1.473875172,2.976849083,Unforced Error,NA,Long Error,6.37691396,-3.39358232,0.037916646,0,0
4_1_5_1,1,35398,9801,DeuceCourt,0.64 Metre,-11.53354117,-0.830438663,2.991500909,Faulty Serve,Long Error,NA,7.040609552,0.06818642,0.04813515,1,0
4_1_5_2,2,35398,9801,DeuceCourt,NA,-11.58822319,-0.701157549,2.960163877,Forced Error,NA,NA,4.013610477,2.355009138,0.038034596,0,0
4_2_1_1,1,9801,35398,DeuceCourt,1.75 Metre,-11.2193855,-0.757508375,2.826812615,Faulty Serve,Long Error,NA,8.160744148,0.730614476,0.039217832,1,0
4_2_1_2,2,9801,35398,DeuceCourt,NA,-11.38823807,-0.550126513,2.82966816,Unforced Error,NA,Wide Error,5.272483887,3.776468525,0.039660724,0,0
4_2_2_1,1,9801,35398,AdCourt,NA,-11.27438495,1.015581756,2.769473195,Winner,NA,NA,4.422180432,-3.27717559,0.036458098,0,0
4_2_3_1,1,9801,35398,DeuceCourt,NA,-11.27377128,-0.774113058,2.858077882,Forced Error,NA,NA,5.160523583,2.995806103,0.046661293,0,0
4_2_4_1,1,9801,35398,AdCourt,NA,-11.21903865,0.849920874,2.802604429,Forced Error,NA,NA,5.517205078,-3.296896833,0.030887945,0,0
4_2_5_1,1,9801,35398,DeuceCourt,NA,-11.22837682,-0.676277809,2.84856013,Winner,NA,NA,5.839408333,0.531510793,0.041049058,0,0
4_3_1_1,1,35398,9801,DeuceCourt,NA,11.57011755,0.854703732,2.955400825,Winner,NA,NA,-5.374207654,-3.540898931,0.041540888,0,0
4_3_2_1,1,35398,9801,AdCourt,NA,11.53474875,-1.517079569,2.968270039,Winner,NA,NA,-6.191736541,0.998526085,0.045388448,0,0
4_3_3_1,1,35398,9801,DeuceCourt,NA,11.57746514,0.899326155,2.944116816,Ace,NA,NA,-6.106106685,-0.157810804,0.043456321,0,1
4_3_4_1,1,35398,9801,AdCourt,NA,11.34064829,-1.339164258,2.956936378,Unforced Error,NA,Wide Error,-4.898615677,2.916459111,0.042115507,0,0
4_3_5_1,1,35398,9801,DeuceCourt,3.95 Metre,11.56972993,0.819378724,2.955018067,Faulty Serve,Net Error,Net Error,3.956448673,-1.50992358,0.046679652,1,0
4_3_5_2,2,35398,9801,DeuceCourt,NA,11.64328845,0.666438259,3.019156344,Forced Error,NA,NA,-3.628584839,-1.335282479,0.046865701,0,0
4_3_6_1,1,35398,9801,AdCourt,2.05 Metre,11.51749899,-1.370812553,2.921782893,Faulty Serve,Net Error,Net Error,2.052727358,1.440858379,0.040328804,1,0
4_3_6_2,2,35398,9801,AdCourt,NA,11.56136363,-1.530462823,3.040580214,Forced Error,NA,NA,-3.411588294,2.453881163,0.040663356,0,0
4_3_7_1,1,35398,9801,DeuceCourt,NA,11.43785673,0.504132699,2.901468164,Forced Error,NA,NA,-5.358814598,-3.904547019,0.047884839,0,0
4_3_8_1,1,35398,9801,AdCourt,1.1 Metre,11.51474718,-1.40081296,2.953832815,Faulty Serve,Long Error,NA,-7.494983075,-0.237280639,0.047999572,1,0
4_3_8_2,2,35398,9801,AdCourt,NA,11.53374259,-1.663543081,2.992610641,Forced Error,NA,NA,-3.868970823,1.780402829,0.049446751,0,0
4_3_9_1,1,35398,9801,DeuceCourt,NA,11.45604302,0.84321017,2.930999365,Winner,NA,NA,-5.363932697,-3.812526936,0.050198843,0,0
4_3_10_1,1,35398,9801,AdCourt,NA,11.3440625,-2.16476575,2.928474623,Winner,NA,NA,-5.177486517,3.77196532,0.04798219,0,0
4_3_11_1,1,35398,9801,DeuceCourt,NA,11.40558288,0.878998713,2.906189825,Faulty Serve,NA,NA,0.003731269,0.000381967,0.006085168,1,0
4_3_11_2,2,35398,9801,DeuceCourt,NA,11.58387965,0.524340816,2.943221257,Unforced Error,NA,Wide Error,-4.244654307,-1.956861554,0.04434795,0,0
4_3_12_1,1,35398,9801,AdCourt,NA,11.59268687,-1.472578162,2.926453683,Unforced Error,NA,Long Error,-5.087861601,0.480257229,0.045691181,0,0
4_3_13_1,1,35398,9801,DeuceCourt,NA,11.65612338,0.781603859,3.000986126,Winner,NA,NA,-5.369756632,-1.767021257,0.042484134,0,0
4_3_14_1,1,35398,9801,AdCourt,NA,11.56285544,-1.540861406,2.962533779,Forced Error,NA,NA,-5.608819638,0.787053554,0.040503487,0,0
4_3_15_1,1,35398,9801,DeuceCourt,NA,11.38295371,0.786056074,2.916560998,Forced Error,NA,NA,-5.019243885,-1.577164409,0.04618358,0,0
4_3_16_1,1,35398,9801,AdCourt,NA,11.51919132,-1.505445393,2.918706985,Winner,NA,NA,-5.834723422,0.523191798,0.04328742,0,0
4_4_1_1,1,9801,35398,DeuceCourt,NA,11.19357398,0.731796439,2.808366295,Winner,NA,NA,-6.213062186,-0.806248341,0.046905661,0,0
4_4_2_1,1,9801,35398,AdCourt,NA,11.29439862,-0.415503354,2.883907444,Forced Error,NA,NA,-5.71032374,3.651066652,0.046242009,0,0
4_4_3_1,1,9801,35398,DeuceCourt,NA,11.20588458,0.783419702,2.819350963,Unforced Error,NA,Wide Error,-5.600075739,-3.736682255,0.048841687,0,0
4_4_4_1,1,9801,35398,AdCourt,0.28 Metre,11.22642145,-0.564184001,2.812953026,Faulty Serve,Long Error,Wide Error,-6.633353166,4.271544333,0.040566252,1,0
4_4_4_2,2,9801,35398,AdCourt,NA,11.2999905,-0.897295032,2.84442659,Forced Error,NA,NA,-4.774052484,0.735255237,0.040874046,0,0
4_5_1_1,1,35398,9801,DeuceCourt,NA,-11.54100517,-0.865411719,2.90144528,Forced Error,NA,NA,5.851286365,3.326290248,0.041294174,0,0
4_5_2_1,1,35398,9801,AdCourt,NA,-11.43943037,1.454626995,2.950612385,Unforced Error,NA,Wide Error,4.154947726,-0.182889783,0.042883076,0,0
4_5_3_1,1,35398,9801,DeuceCourt,NA,-11.70569781,-0.613667911,2.917373533,Winner,NA,NA,5.567501475,0.177940936,0.047925342,0,0
4_5_4_1,1,35398,9801,AdCourt,NA,-11.54168933,1.696080285,2.909945768,Ace,NA,NA,4.349902467,-4.024277365,0.035787746,0,1
4_6_1_1,1,9801,35398,DeuceCourt,NA,-11.17771043,-0.755129203,2.823418045,Ace,NA,NA,5.105892987,0.025444871,0.042775117,0,1
4_6_2_1,1,9801,35398,AdCourt,NA,-11.27908564,0.616344349,2.840261137,Winner,NA,NA,4.538488808,-0.383350748,0.045240047,0,0
4_6_3_2,2,9801,35398,DeuceCourt,NA,-11.36486249,-0.518734178,2.785450818,Winner,NA,NA,5.612202147,0.600630698,0.047266257,0,0
4_6_4_1,1,9801,35398,AdCourt,NA,-11.31989967,0.957842544,2.797551816,Unforced Error,NA,NA,5.596436579,-0.391699035,0.050864556,0,0
4_7_1_1,1,35398,9801,DeuceCourt,NA,11.40966728,0.723621371,2.912651492,Winner,NA,NA,-4.240945538,-3.529635494,0.04866231,0,0
4_7_2_1,1,35398,9801,AdCourt,1.12 Metre,11.70220955,-1.402629035,2.908031559,Faulty Serve,Long Error,NA,-7.509454865,-0.039797424,0.040416425,1,0
4_7_2_2,2,35398,9801,AdCourt,NA,11.49450753,-1.577683961,2.961541527,Winner,NA,NA,-5.278348553,0.221965362,0.043679758,0,0
4_7_3_1,1,35398,9801,DeuceCourt,0.56 Metre,11.47771985,0.72501325,2.9755383,Faulty Serve,Long Error,NA,-6.951921732,-0.013941327,0.042075163,1,0
4_7_3_2,2,35398,9801,DeuceCourt,NA,11.62567851,0.634070457,2.934249127,Unforced Error,NA,Net Error,-4.87228787,-1.670969695,0.04111826,0,0
4_7_4_1,1,35398,9801,AdCourt,3.31 Metre,11.33163806,-1.320806952,2.900991959,Faulty Serve,Long Error,Wide Error,-9.679048687,4.495547414,0.040216087,1,0
4_7_4_2,2,35398,9801,AdCourt,NA,11.36736968,-1.67516175,2.936352152,Forced Error,NA,NA,-4.663949761,0.203685173,0.044615348,0,0
4_7_5_1,1,35398,9801,DeuceCourt,NA,11.51075375,0.967832596,2.92374727,Ace,NA,NA,-5.429706379,-4.080820332,0.044696531,0,1
4_8_1_1,1,9801,35398,DeuceCourt,0.63 Metre,11.29949146,0.75950454,2.842850207,Faulty Serve,Wide Error,Wide Error,-6.004398376,-4.747102964,0.040832304,1,0
4_8_1_2,2,9801,35398,DeuceCourt,NA,11.3892271,0.465134445,2.779545892,Winner,NA,NA,-4.681550085,-0.891376707,0.043120167,0,0
4_8_2_1,1,9801,35398,AdCourt,NA,11.28235418,-0.587441758,2.832559079,Forced Error,NA,NA,-5.444626059,3.392290143,0.039739698,0,0
4_8_3_1,1,9801,35398,DeuceCourt,NA,11.25718698,0.678923832,2.840618711,Unforced Error,NA,Wide Error,-4.314853981,-2.97266173,0.046903535,0,0
4_8_4_1,1,9801,35398,AdCourt,NA,11.303766,-0.699114369,2.847676822,Winner,NA,NA,-5.842566107,0.358557254,0.043503887,0,0
4_8_5_1,1,9801,35398,DeuceCourt,NA,11.2475176,0.788558638,2.822269292,Unforced Error,NA,Long Error,-6.323276406,-3.679030728,0.044622839,0,0
4_8_6_1,1,9801,35398,AdCourt,1.15 Metre,11.20758123,-0.510163647,2.791247937,Faulty Serve,Long Error,NA,-7.546211406,3.86680151,0.043378532,1,0
4_8_6_2,2,9801,35398,AdCourt,NA,11.33853435,-1.135515716,2.787231908,Winner,NA,NA,-5.991995334,2.860614283,0.042778054,0,0
5_1_1_1,1,35398,9801,DeuceCourt,NA,-11.48413912,-0.870730957,2.934470376,Faulty Serve,NA,NA,0.004868331,0.001334827,0.00089831,1,0
5_1_1_2,2,35398,9801,DeuceCourt,NA,-11.72993582,-0.462225155,2.961860856,Unforced Error,NA,Wide Error,5.589795579,1.229269416,0.043159793,0,0
5_1_2_1,1,35398,9801,AdCourt,5.54 Metre,-11.51261037,1.404888822,3.022342449,Faulty Serve,Long Error,Wide Error,11.43236477,-4.613984293,0.03545187,1,0
5_1_2_2,2,35398,9801,AdCourt,NA,-11.48043452,1.611037903,2.986056245,Winner,NA,NA,4.035677688,-1.096830988,0.040493408,0,0
5_1_3_1,1,35398,9801,DeuceCourt,NA,-11.53941678,-0.849049174,2.943255215,Ace,NA,NA,6.16504177,0.249515368,0.04724765,0,1
5_1_4_1,1,35398,9801,AdCourt,NA,-11.55524892,1.345314195,2.981473941,Winner,NA,NA,5.693383948,-1.085199358,0.044252071,0,0
5_1_5_1,1,35398,9801,DeuceCourt,NA,-11.58362051,-0.800270463,2.978836498,Faulty Serve,NA,NA,0.002599765,0.002930352,0.008314647,1,0
5_1_5_2,2,35398,9801,DeuceCourt,NA,-11.67679589,-0.640166182,2.979684735,Unforced Error,NA,Long Error,3.799223298,1.772718008,0.046818063,0,0
5_1_6_1,1,35398,9801,AdCourt,NA,-11.48819379,1.459594555,2.936877952,Winner,NA,NA,5.086862589,-1.02208083,0.046696514,0,0
5_1_7_1,1,35398,9801,DeuceCourt,NA,-11.29953802,-0.713974122,2.921518031,Forced Error,NA,NA,4.803693919,0.629849672,0.048865941,0,0
5_1_8_1,1,35398,9801,AdCourt,0.65 Metre,-11.64692239,1.460505611,3.020863165,Faulty Serve,Wide Error,Wide Error,6.082605927,-4.754223147,0.03471527,1,0
5_1_8_2,2,35398,9801,AdCourt,NA,-11.42593431,1.598902444,3.012210011,Unforced Error,NA,Wide Error,5.638907586,-2.897896812,0.041424448,0,0
5_1_9_1,1,35398,9801,DeuceCourt,NA,-11.50223882,-1.051142721,2.898067564,Winner,NA,NA,4.959237115,3.97858552,0.045629421,0,0
5_1_10_1,1,35398,9801,AdCourt,0.14 Metre,-11.48504697,1.396537895,3.04188681,Faulty Serve,Net Error,Net Error,-0.132089967,-1.161321437,0.040828191,1,0
5_1_10_2,2,35398,9801,AdCourt,NA,-11.44773643,1.648688357,3.00586831,Forced Error,NA,NA,5.022927183,-0.136087859,0.042690272,0,0
5_2_1_1,1,9801,35398,DeuceCourt,NA,-11.25904803,-0.720903239,2.871138357,Forced Error,NA,NA,6.161391747,3.507474537,0.044148159,0,0
5_2_2_1,1,9801,35398,AdCourt,NA,-11.27888869,0.542113615,2.866550315,Forced Error,NA,NA,5.468172196,-3.454459635,0.034097467,0,0
5_2_3_1,1,9801,35398,DeuceCourt,NA,-11.2636481,-0.712718468,2.831452149,Unforced Error,NA,Wide Error,4.817083104,3.380183803,0.039191835,0,0
5_2_4_2,2,9801,35398,AdCourt,NA,-11.22689002,0.881718698,2.812823469,Unforced Error,NA,Long Error,4.913807569,-0.410889744,0.042816198,0,0
5_2_5_1,1,9801,35398,DeuceCourt,0.12 Metre,-11.11760408,-0.810084268,2.823183752,Faulty Serve,Net Error,Net Error,-0.12059296,0.567086509,0.046049552,1,0
5_2_5_2,2,9801,35398,DeuceCourt,NA,-11.28048067,-0.609306552,2.81149247,Forced Error,NA,NA,4.243419101,1.100773858,0.043322759,0,0
5_2_6_1,1,9801,35398,AdCourt,NA,-11.35405447,0.978199449,2.780252989,Unforced Error,NA,Long Error,5.305515055,-3.286426954,0.029725978,0,0
5_3_1_1,1,35398,9801,DeuceCourt,NA,11.58654481,0.785856063,2.940584434,Unforced Error,NA,NA,-4.685171934,-3.312490765,0.045871249,0,0
5_3_2_1,1,35398,9801,AdCourt,NA,11.45438713,-1.415171167,2.957097147,Forced Error,NA,NA,-5.055420036,0.120701606,0.049002936,0,0
5_3_3_1,1,35398,9801,DeuceCourt,0.04 Metre,11.48023776,0.869265242,2.943833068,Faulty Serve,Wide Error,Wide Error,-5.396187564,-4.151095123,0.042006985,1,0
5_3_3_2,2,35398,9801,DeuceCourt,NA,11.41685478,0.499538357,2.991723914,Forced Error,NA,NA,-5.075598444,-1.070600833,0.049185255,0,0
5_3_4_1,1,35398,9801,AdCourt,0.35 Metre,11.44856417,-1.390480141,3.009083001,Faulty Serve,Wide Error,Wide Error,-4.740361742,4.466853252,0.044803786,1,0
5_3_4_2,2,35398,9801,AdCourt,NA,11.46591186,-1.608682143,3.009509325,Forced Error,NA,NA,-5.87002328,2.664500905,0.037042835,0,0
5_3_5_1,1,35398,9801,DeuceCourt,0.59 Metre,11.34461521,0.875186287,2.94678861,Faulty Serve,Long Error,NA,-6.984827095,-0.373206693,0.048340859,1,0
5_3_5_2,2,35398,9801,DeuceCourt,NA,11.47874602,0.563881412,2.993859495,Forced Error,NA,NA,-5.482371227,-1.940949547,0.044699421,0,0
5_3_6_1,1,35398,9801,AdCourt,1.9 Metre,11.52383327,-1.327023193,2.97793323,Faulty Serve,Long Error,Wide Error,-8.154463758,4.821252843,0.026386615,1,0
5_3_6_2,2,35398,9801,AdCourt,NA,11.36847002,-1.583869843,2.977096427,Winner,NA,NA,-4.807596566,2.003179726,0.042426883,0,0
5_3_7_1,1,35398,9801,DeuceCourt,0.27 Metre,11.48391226,0.736681036,2.954686867,Faulty Serve,Wide Error,Wide Error,-5.888751849,-4.376091926,0.046009701,1,0
5_3_7_2,2,35398,9801,DeuceCourt,NA,11.61058721,0.665425996,2.984325912,Winner,NA,NA,-4.924912054,-1.71236198,0.047139615,0,0
5_3_8_1,1,35398,9801,AdCourt,0.24 Metre,11.4465587,-1.304387168,2.945452598,Faulty Serve,Wide Error,NA,-5.082824859,-0.237790358,0.04941711,1,0
5_3_8_2,2,35398,9801,AdCourt,NA,11.49236727,-1.426417222,2.967386303,Winner,NA,NA,-5.758290215,2.908334527,0.039463474,0,0
5_3_9_1,1,35398,9801,DeuceCourt,NA,11.43955272,0.637305643,2.967745271,Unforced Error,NA,Long Error,-5.801456555,-1.613106794,0.043596742,0,0
5_3_10_1,1,35398,9801,AdCourt,0.35 Metre,11.35249971,-1.467105675,2.971081714,Faulty Serve,Net Error,Net Error,0.349327098,2.648947483,0.039428144,1,0
5_3_10_2,2,35398,9801,AdCourt,NA,11.34578233,-1.656018278,2.970934281,Forced Error,NA,NA,-4.043907934,2.418986325,0.041695114,0,0
5_4_1_1,1,9801,35398,DeuceCourt,0.59 Metre,11.247923,0.738077971,2.847577659,Faulty Serve,Long Error,Wide Error,-6.872418666,-4.452833787,0.04633349,1,0
5_4_1_2,2,9801,35398,DeuceCourt,NA,11.30786854,0.566977424,2.814304962,Unforced Error,NA,Wide Error,-3.41829906,-1.030460962,0.044363524,0,0
5_4_2_1,1,9801,35398,AdCourt,NA,11.20847291,-0.646778842,2.801538483,Forced Error,NA,NA,-5.859423379,3.381267685,0.04005307,0,0
5_4_3_1,1,9801,35398,DeuceCourt,NA,11.10380253,0.704283671,2.825619822,Forced Error,NA,NA,-4.790608112,-3.447427123,0.040231983,0,0
5_4_4_1,1,9801,35398,AdCourt,NA,11.15785299,-0.649813597,2.835423399,Ace,NA,NA,-6.104330766,0.359075659,0.04597774,0,1
5_5_1_1,1,35398,9801,DeuceCourt,0.53 Metre,-11.52302398,-0.938383346,2.980204922,Faulty Serve,Net Error,Net Error,-0.19391863,-0.492472369,0.046241004,1,0
5_5_1_2,2,35398,9801,DeuceCourt,NA,-11.57110328,-0.565199237,2.936437665,Winner,NA,NA,5.39411441,1.955984742,0.04981899,0,0
5_5_2_1,1,35398,9801,AdCourt,NA,-11.47997233,1.505896861,2.928364385,Unforced Error,NA,Wide Error,5.453302808,-1.277864456,0.046505905,0,0
5_5_3_1,1,35398,9801,DeuceCourt,NA,-11.57977683,-0.976960175,2.930476417,Winner,NA,NA,5.618233254,0.69341924,0.047623452,0,0
5_5_4_1,1,35398,9801,AdCourt,NA,-11.38363484,1.228041156,2.921250088,Unforced Error,NA,Net Error,5.909897601,-3.432479498,0.034137013,0,0
5_5_5_1,1,35398,9801,DeuceCourt,NA,-11.51527728,-0.763564397,2.956450118,Forced Error,NA,NA,5.016779948,0.244039891,0.045220701,0,0
5_5_6_1,1,35398,9801,AdCourt,NA,-11.49257432,1.347739013,2.956424387,Forced Error,NA,NA,4.569602245,-0.341708442,0.045738138,0,0
5_6_1_1,1,9801,35398,DeuceCourt,0.17 Metre,-11.07855446,-0.764758089,2.811352105,Faulty Serve,Net Error,Net Error,-0.15823986,0.275982615,0.041871396,1,0
5_6_1_2,2,9801,35398,DeuceCourt,NA,-11.2624583,-0.661207165,2.830357332,Unforced Error,NA,Long Error,5.495714503,3.405386068,0.040340455,0,0
5_6_2_1,1,9801,35398,AdCourt,NA,-11.18256941,0.670918317,2.846899737,Forced Error,NA,NA,6.188592499,-0.463818685,0.043297416,0,0
5_6_3_1,1,9801,35398,DeuceCourt,NA,-11.189642,-0.832230264,2.835345121,Forced Error,NA,NA,5.643125605,3.912810058,0.042290281,0,0
5_6_4_1,1,9801,35398,AdCourt,NA,-11.24887878,0.770422168,2.800736713,Forced Error,NA,NA,5.378463464,-0.654650907,0.048530053,0,0
5_6_5_1,1,9801,35398,DeuceCourt,NA,-11.13230947,-0.913694354,2.827316433,Winner,NA,NA,5.816990258,3.445335547,0.047097388,0,0
5_7_1_1,1,35398,9801,DeuceCourt,NA,11.46533928,0.837346875,2.905892917,Winner,NA,NA,-4.534503083,-3.581931599,0.041499553,0,0
5_7_2_1,1,35398,9801,AdCourt,NA,11.55262691,-1.491806665,3.006190528,Unforced Error,NA,Net Error,-5.639907034,2.612457368,0.039620286,0,0
5_7_3_1,1,35398,9801,DeuceCourt,0.72 Metre,11.58734414,0.784619596,2.948280501,Faulty Serve,Long Error,NA,-7.115000851,-0.361358306,0.04466723,1,0
5_7_3_2,2,35398,9801,DeuceCourt,NA,11.62388118,0.704063035,2.967087261,DoubleFault,NA,NA,-8.713027262,-0.871321656,0.041529081,1,0
5_7_4_1,1,35398,9801,AdCourt,NA,11.55452571,-1.364755239,2.993869224,Faulty Serve,NA,NA,0.009126099,0.006455995,0.000630381,1,0
5_7_4_2,2,35398,9801,AdCourt,NA,11.49032117,-1.442015536,2.982811836,Unforced Error,NA,Wide Error,-5.929061908,0.125741638,0.047042267,0,0
5_7_5_1,1,35398,9801,DeuceCourt,0.04 Metre,11.51932491,0.702587292,2.918295949,Faulty Serve,Wide Error,Wide Error,-4.974257257,-4.154832371,0.041910603,1,0
5_7_5_2,2,35398,9801,DeuceCourt,NA,11.47562472,0.625635751,2.972409829,Winner,NA,NA,-5.222279205,-0.78968373,0.048014963,0,0
5_7_6_1,1,35398,9801,AdCourt,NA,11.50566551,-1.430166959,2.969022027,Forced Error,NA,NA,-5.440905492,1.14412892,0.04209725,0,0
5_7_7_1,1,35398,9801,DeuceCourt,1.74 Metre,11.49122041,0.914415455,2.933326709,Faulty Serve,Long Error,NA,-8.129237049,-0.552381769,0.041962596,1,0
5_7_7_2,2,35398,9801,DeuceCourt,NA,11.57821262,0.703720387,2.935866725,Unforced Error,NA,Long Error,-4.025484781,-3.313635552,0.049873189,0,0
5_7_8_1,1,35398,9801,AdCourt,NA,11.3744127,-1.796612999,2.903078699,Forced Error,NA,NA,-6.065540472,3.933183626,0.039872446,0,0
5_8_1_1,1,9801,35398,DeuceCourt,0.22 Metre,11.19659124,0.79272936,2.824237695,Faulty Serve,Long Error,NA,-6.620169709,-0.893418641,0.037174843,1,0
5_8_1_2,2,9801,35398,DeuceCourt,NA,11.29598722,0.476584566,2.827764576,Forced Error,NA,NA,-5.288470969,-1.271238168,0.040052186,0,0
5_8_2_1,1,9801,35398,AdCourt,NA,11.23766285,-0.743498173,2.758591226,Winner,NA,NA,-5.352122645,3.290027528,0.03954249,0,0
5_8_3_1,1,9801,35398,DeuceCourt,NA,11.1992176,0.795301188,2.786154939,Unforced Error,NA,Long Error,-5.317068803,-3.604452351,0.044186252,0,0
5_8_4_1,1,9801,35398,AdCourt,NA,11.26215614,-0.983761878,2.809100752,Unforced Error,NA,Long Error,-4.838574696,3.177393933,0.044143077,0,0
5_9_1_1,1,35398,9801,DeuceCourt,1.94 Metre,-11.51392277,-0.907498837,2.946614681,Faulty Serve,Net Error,Net Error,-1.929791244,1.447181727,0.055680756,1,0
5_9_1_2,2,35398,9801,DeuceCourt,NA,-11.51983275,-0.700682918,2.958779489,Unforced Error,NA,Long Error,3.83598166,0.650736882,0.037115092,0,0
5_9_2_1,1,35398,9801,AdCourt,NA,-11.42887759,1.808781241,2.924132614,Forced Error,NA,NA,4.458705715,-3.596700286,0.03902852,0,0
5_9_3_1,1,35398,9801,DeuceCourt,NA,-11.60217668,-0.787435195,2.96226741,Forced Error,NA,NA,5.849568441,0.574153562,0.040611484,0,0
5_9_4_1,1,35398,9801,AdCourt,NA,-11.47934252,1.349838043,2.933714879,Winner,NA,NA,6.050069981,-0.626083471,0.038422704,0,0
5_9_5_1,1,35398,9801,DeuceCourt,NA,-11.48212139,-0.854807981,2.978727648,Forced Error,NA,NA,5.398000243,0.474480116,0.048826237,0,0
5_9_6_1,1,35398,9801,AdCourt,NA,-11.40666565,1.600182485,2.953475465,Unforced Error,NA,Net Error,5.43185262,-0.208778697,0.044214098,0,0
5_9_7_1,1,35398,9801,DeuceCourt,0.71 Metre,-11.65428027,-0.974332213,2.993284087,Faulty Serve,Net Error,Net Error,-0.706672134,0.296090276,0.051839551,1,0
5_9_7_2,2,35398,9801,DeuceCourt,NA,-11.62634534,-0.502102252,2.985862292,Winner,NA,NA,5.658596204,0.475502746,0.045104797,0,0
5_9_8_1,1,35398,9801,AdCourt,0.1 Metre,-11.36602899,1.430655302,2.907921296,Faulty Serve,Long Error,NA,6.507848058,-1.036799006,0.044373233,1,0
5_9_8_2,2,35398,9801,AdCourt,NA,-11.29680475,1.515134027,2.939782521,Forced Error,NA,NA,4.826471454,-2.335745927,0.039689436,0,0
5_10_1_1,1,9801,35398,DeuceCourt,NA,-11.40876315,-0.438273252,2.782476651,Unforced Error,NA,Long Error,5.38297884,1.149390791,0.047364503,0,0
5_10_2_1,1,9801,35398,AdCourt,NA,-11.23163481,0.891559742,2.740443651,Unforced Error,NA,NA,5.919710647,-3.810954774,0.031226331,0,0
5_10_3_1,1,9801,35398,DeuceCourt,0.68 Metre,-11.15113444,-0.786267999,2.808813861,Faulty Serve,Long Error,Wide Error,6.918735992,4.570255893,0.039728307,1,0
5_10_3_2,2,9801,35398,DeuceCourt,NA,-11.26230551,-0.54778185,2.815451841,Unforced Error,NA,NA,4.637702089,1.274357469,0.042921809,0,0
5_10_4_1,1,9801,35398,AdCourt,0.34 Metre,-11.16548366,0.977447179,2.738773182,Faulty Serve,Wide Error,Wide Error,5.141565125,-4.451455882,0.030393088,1,0
5_10_4_2,2,9801,35398,AdCourt,NA,-11.28154126,0.895652737,2.757108615,Unforced Error,NA,NA,5.95802195,-3.267443046,0.037221051,0,0
5_10_5_1,1,9801,35398,DeuceCourt,NA,-11.16402106,-0.754741718,2.827536043,Forced Error,NA,NA,4.783829187,0.627492452,0.048011851,0,0
5_10_6_1,1,9801,35398,AdCourt,NA,-11.25103032,0.877876204,2.755746857,Winner,NA,NA,4.201677915,-3.594897644,0.036719918,0,0
5_10_7_1,1,9801,35398,DeuceCourt,NA,-11.15643829,-0.885932793,2.839758051,Winner,NA,NA,4.600891974,3.4457541,0.044901922,0,0
5_10_8_1,1,9801,35398,AdCourt,NA,-11.19408085,0.645235,2.847145364,Winner,NA,NA,6.064675093,-3.839453508,0.033557418,0,0
